id_tienda,direccion,latitud,longitud,codigo_postal,estado
3615,58 Sugar Pass,33.4368,-111.7129,85205,Arizona
4658,3 Scoville Alley,37.0156,-76.4332,23605,Virginia
4497,1273 Scoville Center,42.4156,-92.2703,50706,Iowa
2514,66 Sunfield Trail,39.0706,-84.4179,45228,Ohio
4066,21404 Rusk Terrace,26.1457,-80.4483,33075,Florida
2945,88 Marquette Pass,33.7866,-118.2987,90055,California
2440,479 Clyde Gallagher Way,47.6849,-122.2968,98115,Washington
3359,49 Golf Course Way,61.1535,-149.8289,99507,Alaska
2243,93107 Dexter Lane,39.854,-88.9815,62525,Illinois
4052,1 Haas Way,47.6115,-122.1162,98008,Washington
2357,8 Crowley Alley,37.6802,-121.9215,94712,California
4949,1 Myrtle Parkway,41.9705,-70.7014,02305,Massachusetts
3549,77 Judy Place,39.2856,-76.6899,21229,Maryland
707,664 Fairfield Plaza,47.4441,-122.3249,98148,Washington
4261,69 Tony Lane,36.1398,-96.0297,74193,Oklahoma
64,97409 Bunker Hill Parkway,38.8933,-77.0146,20599,District of Columbia
3602,286 Warbler Street,38.068,-122.741,94913,California
2812,30 Bunting Center,30.2407,-81.893,32215,Florida
851,19 Sutteridge Junction,43.0685,-87.9715,53210,Wisconsin
4632,8571 Morrow Plaza,43.286,-77.6843,14652,New York
2705,3340 Springview Place,35.1316,-80.8577,28210,North Carolina
1915,51595 Kim Court,41.0655,-81.5203,44329,Ohio
2639,5 Golf Circle,39.7495,-89.606,62705,Illinois
566,4 2nd Place,40.8259,-81.3399,44705,Ohio
3431,0 Butternut Place,41.8267,-71.3977,02912,Rhode Island
16,1118 Cascade Hill,40.4072,-79.9839,15210,Pennsylvania
3792,752 Waxwing Place,35.3471,-120.4553,93407,California
647,435 Declaration Parkway,42.0586,-87.6845,60208,Illinois
1537,10076 Jay Point,37.9577,-121.2897,95298,California
3837,330 Shelley Alley,38.6157,-121.5053,95833,California
3692,2 Loomis Drive,38.945,-77.0364,20022,District of Columbia
1570,9 Hanson Lane,32.7673,-96.7776,75392,Texas
4895,81099 Maple Court,28.5456,-81.3782,32885,Florida
1652,46612 Forster Trail,47.2325,-122.3594,98424,Washington
4579,5009 Michigan Parkway,30.0956,-81.6217,32259,Florida
1093,72 Red Cloud Road,37.9577,-121.2897,95298,California
2274,341 Maple Wood Hill,36.7991,-119.8016,93704,California
3990,67 Linden Street,27.0228,-82.1108,33954,Florida
3910,2 Utah Drive,38.8318,-77.2888,22184,Virginia
4526,85 Vidon Alley,37.5593,-77.4471,23203,Virginia
4677,64 Troy Way,25.768,-80.2714,33134,Florida
3187,55948 Forest Trail,40.8956,-81.433,44720,Ohio
4424,7 Ridgeway Drive,35.6665,-97.4798,73034,Oklahoma
349,60 Dorton Alley,34.0585,-118.3012,90005,California
3916,7055 Raven Trail,29.834,-95.4342,77255,Texas
2808,9 Hollow Ridge Point,26.3462,-80.0844,33432,Florida
3112,98885 Brickson Park Hill,35.26,-80.8042,28289,North Carolina
4919,362 Banding Alley,34.1669,-118.1551,91103,California
2722,41158 Holmberg Court,27.9139,-82.7157,34620,Florida
2800,0801 Cascade Crossing,38.8933,-77.0146,20380,District of Columbia
3190,476 Loeprich Pass,33.0277,-96.6777,75074,Texas
4827,6472 Walton Center,33.0279,-117.0856,92127,California
675,298 4th Plaza,30.1949,-85.6727,32405,Florida
2289,47330 Anthes Terrace,41.5008,-81.5516,44118,Ohio
4682,740 Judy Hill,30.2907,-97.7648,78703,Texas
4554,3 Little Fleur Way,36.7991,-119.8016,93704,California
400,8 Burning Wood Circle,43.286,-77.6843,14683,New York
4138,7 Alpine Center,33.7862,-117.9309,92640,California
3279,8 Bellgrove Drive,33.8444,-84.474,30386,Georgia
1968,0014 Southridge Parkway,31.6948,-106.3,88589,Texas
2129,83652 Kingsford Hill,33.5082,-112.1011,85015,Arizona
438,6 Park Meadow Road,30.4036,-97.7526,78759,Texas
4317,93 Basil Street,34.2216,-84.1537,30130,Georgia
4096,754 Mallard Trail,34.1872,-118.3865,91606,California
1038,784 Meadow Ridge Drive,41.119,-73.733,10557,New York
1132,2257 Ryan Parkway,42.2464,-85.0045,49018,Michigan
2447,059 Waywood Lane,40.6681,-111.9083,84170,Utah
3362,01327 Eggendart Alley,39.035,-94.3567,64179,Missouri
1772,051 Luster Place,41.0977,-85.1189,46805,Indiana
119,6557 Heffernan Junction,30.2023,-92.0188,70505,Louisiana
4817,6695 Kensington Lane,35.7977,-78.6253,27690,North Carolina
340,1 Morningstar Court,42.0794,-91.5992,52410,Iowa
2125,9335 Eagle Crest Terrace,35.1255,-90.0424,38126,Tennessee
2785,4240 Lakewood Gardens Terrace,33.7866,-118.2987,90510,California
3898,621 Vermont Plaza,39.9496,-75.1637,19109,Pennsylvania
3326,14199 Calypso Point,38.9327,-77.0322,20010,District of Columbia
3903,48065 Meadow Valley Pass,39.0663,-94.5674,64109,Missouri
439,86 Westridge Point,33.7866,-118.2987,90101,California
3898,64373 Parkside Place,45.2009,-93.8881,55565,Minnesota
4260,6 Marquette Court,38.8933,-77.0146,20078,District of Columbia
4135,4 Cambridge Crossing,30.3423,-97.6673,78754,Texas
1232,383 Jay Plaza,33.1968,-117.2831,92056,California
676,5237 Monica Pass,35.1255,-90.0424,38126,Tennessee
622,880 Sullivan Parkway,40.7086,-74.0087,10045,New York
3999,9880 Luster Drive,30.5159,-91.0804,70883,Louisiana
138,16 Annamark Way,38.8247,-104.562,80945,Colorado
1322,26476 Dennis Alley,31.8925,-106.5426,79911,Texas
4906,82980 Lillian Pass,38.8933,-77.0146,20238,District of Columbia
1310,19360 Lien Circle,38.2306,-85.7905,40210,Kentucky
2496,80341 Dahle Plaza,39.7155,-84.1637,45419,Ohio
2536,4155 Beilfuss Trail,30.3264,-97.7713,78783,Texas
1685,4 Claremont Street,40.7864,-73.9764,10024,New York
3703,9127 Orin Park,44.8685,-123.0438,97306,Oregon
746,85 East Lane,29.3977,-98.4658,78210,Texas
2808,309 Spenser Terrace,33.7866,-118.2987,90030,California
2863,390 Colorado Drive,45.2009,-93.8881,55585,Minnesota
776,086 Mitchell Point,30.43,-97.8326,78726,Texas
4081,21 Norway Maple Crossing,42.4694,-70.9728,01905,Massachusetts
3171,78432 Ohio Plaza,44.9427,-93.0828,55146,Minnesota
792,484 Rigney Trail,32.8538,-117.1197,92137,California
4517,571 Becker Court,43.0059,-71.0132,03804,New Hampshire
4715,486 Mayfield Alley,29.4375,-98.4616,78291,Texas
2177,6777 Crescent Oaks Avenue,32.3766,-95.1252,75705,Texas
3690,36995 Hermina Circle,39.7388,-104.4083,80150,Colorado
1391,06504 Havey Plaza,40.8662,-73.9221,10034,New York
3799,26 Anhalt Plaza,37.7639,-97.4269,67205,Kansas
4100,61 Hanover Junction,30.033,-89.8826,70187,Louisiana
605,0972 Starling Crossing,43.286,-77.6843,14652,New York
126,510 Superior Terrace,38.949,-94.7405,66215,Kansas
1265,8090 Mallard Center,37.3352,-121.8938,95173,California
2267,9 Maywood Hill,45.071,-92.9391,55115,Minnesota
1087,2392 Roxbury Avenue,47.6063,-122.3308,98127,Washington
772,494 Sycamore Center,38.7351,-77.0796,22036,Virginia
4335,16817 Montana Lane,29.6813,-82.3539,32610,Florida
1968,21667 Summer Ridge Crossing,35.0443,-106.6729,87140,New Mexico
3196,82 Pankratz Point,35.2944,-118.9052,93386,California
712,94217 Summerview Center,32.8488,-79.8577,29416,South Carolina
3720,954 Porter Trail,43.6746,-96.7913,57198,South Dakota
2519,2672 Grover Street,35.9918,-83.8496,37914,Tennessee
4269,75847 Reindahl Junction,40.0018,-75.1179,19191,Pennsylvania
1886,6 Ramsey Parkway,37.2742,-79.9579,24024,Virginia
1907,1 Buhler Court,36.0807,-80.0244,27404,North Carolina
3988,1534 Mcbride Avenue,35.599,-97.6251,73142,Oklahoma
2102,4527 Kinsman Terrace,30.329,-81.8176,32220,Florida
1878,25 Roxbury Crossing,43.286,-77.6843,14683,New York
4279,70 Huxley Pass,39.734,-105.0259,80204,Colorado
1774,20640 Golf View Circle,41.7918,-72.7188,06140,Connecticut
2183,49352 Morning Point,43.1577,-77.608,14604,New York
4813,36297 Hermina Hill,37.7786,-122.4892,94121,California
4468,45 Farmco Trail,47.4323,-121.8034,98185,Washington
2751,0 Oak Drive,33.5446,-86.9292,35254,Alabama
1921,389 Glacier Hill Parkway,39.7795,-86.1328,46266,Indiana
3599,6 Forster Point,27.872,-82.4388,33673,Florida
3985,1317 Florence Crossing,33.9464,-83.9912,30245,Georgia
1068,344 Linden Way,21.3278,-157.8294,96845,Hawaii
3808,9 Starling Road,38.1286,-104.5523,81015,Colorado
4045,64253 Hansons Plaza,33.8444,-84.474,30351,Georgia
2096,046 Claremont Parkway,38.0283,-84.4715,40524,Kentucky
4720,6259 Warner Park,30.3704,-81.5864,32277,Florida
2966,5796 International Parkway,27.981,-81.6736,33884,Florida
1533,14337 Tennessee Circle,32.8919,-117.2035,92121,California
3621,41750 Sachs Pass,35.599,-97.6251,73142,Oklahoma
2973,286 American Ash Avenue,45.5078,-122.6897,97201,Oregon
366,2 Division Alley,33.9335,-84.3958,30328,Georgia
4669,7659 Carey Terrace,30.3423,-97.6673,78754,Texas
1575,61806 Manitowish Hill,32.8488,-79.8577,29416,South Carolina
1331,7 Autumn Leaf Road,34.0434,-118.2716,90015,California
3448,3879 Pine View Crossing,26.6459,-80.4303,33421,Florida
557,8151 High Crossing Road,32.7582,-97.1003,76011,Texas
2292,590 Forest Road,39.854,-88.9815,62525,Illinois
1763,63291 Swallow Parkway,40.6451,-73.945,11247,New York
3793,4 Sloan Plaza,27.1675,-82.381,34276,Florida
2063,68 Chive Way,33.7866,-118.2987,91797,California
3330,91304 Sunbrook Junction,36.1398,-96.0297,74149,Oklahoma
1277,18 Esch Terrace,41.6525,-83.5085,43605,Ohio
2821,1 Rusk Park,39.9832,-75.7481,19495,Pennsylvania
1226,1868 Carey Street,35.0443,-106.6729,87180,New Mexico
3294,075 Washington Drive,25.5593,-80.3483,33190,Florida
2226,19557 Grover Hill,37.2742,-79.9579,24024,Virginia
4352,603 Riverside Junction,39.7505,-84.2686,45490,Ohio
1531,9578 Toban Trail,46.5901,-112.0402,59623,Montana
4219,8043 Welch Way,38.189,-85.6768,40250,Kentucky
492,2 Granby Court,40.3286,-75.1028,19058,Pennsylvania
821,19947 John Wall Center,40.6934,-75.4712,18105,Pennsylvania
314,8 Ryan Parkway,36.8056,-76.2666,23324,Virginia
2219,5667 Mosinee Alley,39.7038,-86.3029,46231,Indiana
3757,86754 Maywood Avenue,27.8458,-97.596,78410,Texas
1696,42740 Briar Crest Circle,39.0024,-77.1034,20892,Maryland
139,9 Menomonie Center,33.7867,-117.8742,92668,California
832,79 Bashford Terrace,40.4598,-79.8224,15235,Pennsylvania
940,4845 Sycamore Avenue,46.9346,-97.2297,58106,North Dakota
4932,94048 Spohn Crossing,41.5503,-72.9963,06705,Connecticut
1323,65 Erie Terrace,42.6149,-73.9708,12247,New York
4970,5 Algoma Parkway,37.2742,-79.9579,24024,Virginia
2384,7337 Golden Leaf Place,30.4558,-91.0596,70815,Louisiana
3091,8 Nobel Court,40.7779,-82.4613,44905,Ohio
3058,8783 Sunbrook Crossing,41.9699,-87.7603,60630,Illinois
938,195 Anniversary Alley,40.6451,-73.945,11247,New York
200,8475 Judy Parkway,33.9677,-84.2438,30092,Georgia
1969,208 Waubesa Junction,45.5289,-94.5933,56372,Minnesota
546,1 Fairfield Plaza,38.9273,-94.7143,66210,Kansas
1459,36 Manufacturers Lane,40.7808,-73.9772,10184,New York
1717,99 Fair Oaks Court,21.3278,-157.8294,96835,Hawaii
4671,21 Buell Street,33.9583,-118.3258,90305,California
3038,98 Nobel Way,34.0447,-118.4487,90025,California
4001,134 Glendale Lane,40.6681,-111.9083,84110,Utah
1170,81234 Esch Court,36.086,-115.1471,89140,Nevada
1887,5596 Donald Alley,34.3562,-83.8882,30506,Georgia
2685,9 Stuart Court,40.3086,-76.8464,17140,Pennsylvania
630,48348 Weeping Birch Crossing,30.3704,-81.5864,32277,Florida
1615,205 Michigan Center,40.7262,-73.9796,10009,New York
4519,2 Carey Road,35.9279,-114.9721,89193,Nevada
1151,265 Hooker Road,26.4116,-80.0928,33487,Florida
1759,3 Anzinger Lane,34.4453,-119.8025,93111,California
1755,79 Meadow Ridge Alley,40.7808,-73.9772,10249,New York
747,200 Spaight Alley,41.5878,-87.4062,46406,Indiana
3994,32700 Boyd Circle,38.3774,-121.4444,94280,California
2214,44 Bobwhite Way,30.0042,-95.1728,77346,Texas
3753,585 Randy Center,32.3544,-86.2843,36195,Alabama
277,1515 Commercial Center,35.1885,-101.8165,79188,Texas
495,46711 Waubesa Court,44.5463,-88.1021,54313,Wisconsin
1480,18 Bay Lane,39.1361,-84.4355,45208,Ohio
2099,69 Village Street,36.7464,-119.6397,93778,California
4177,9424 Clove Alley,25.6364,-80.3187,33158,Florida
2184,6 Daystar Place,38.3774,-121.4444,94273,California
1405,2373 Washington Hill,33.9321,-83.3525,30605,Georgia
3748,23504 Hagan Crossing,42.1827,-80.0649,16550,Pennsylvania
2657,3164 Melvin Street,36.032,-83.8021,37924,Tennessee
2758,4 Transport Alley,33.2765,-112.1872,85246,Arizona
211,97883 Cascade Street,40.4598,-79.8224,15235,Pennsylvania
2242,73302 Carpenter Pass,33.1428,-97.0727,76210,Texas
443,2 Banding Pass,40.4344,-80.0248,15134,Pennsylvania
164,727 4th Pass,40.0018,-75.1179,19191,Pennsylvania
1226,8539 Fulton Park,33.3887,-111.8428,85210,Arizona
2851,0 Ohio Place,40.7808,-73.9772,10160,New York
839,072 Springs Point,33.9845,-84.1529,30096,Georgia
4293,9343 Sachs Road,42.6149,-73.9708,12242,New York
146,45909 Sunnyside Circle,33.7473,-84.3824,31136,Georgia
4121,247 Marcy Avenue,36.1398,-96.0297,74141,Oklahoma
351,35 Waxwing Trail,39.8647,-86.0136,46216,Indiana
1383,5367 Colorado Court,37.2458,-121.8306,95123,California
758,702 Lake View Place,40.7262,-73.9796,10009,New York
3226,65 Fairview Parkway,38.4096,-82.369,25705,West Virginia
420,7 Lotheville Place,29.7179,-95.4263,77005,Texas
3353,581 Cottonwood Park,37.7786,-122.4892,94121,California
1904,6354 Valley Edge Court,40.081,-82.9383,43231,Ohio
914,62331 Bunker Hill Way,29.834,-95.4342,77266,Texas
2932,78924 Ridge Oak Lane,26.5529,-81.9486,33906,Florida
1584,22756 Nelson Alley,43.0528,-87.9353,53205,Wisconsin
3682,95065 Nancy Parkway,33.4226,-111.7236,85025,Arizona
1732,8 Green Terrace,26.0143,-81.5856,34114,Florida
1365,99 Graceland Plaza,39.2847,-76.6205,21281,Maryland
4536,53 Londonderry Way,33.2765,-112.1872,85067,Arizona
2575,6 Northland Avenue,38.6149,-90.1275,62205,Illinois
4404,6118 Main Point,32.5547,-94.7767,75605,Texas
3146,835 Twin Pines Plaza,27.6705,-82.7119,33715,Florida
1059,9980 Morningstar Alley,39.6749,-84.1136,45440,Ohio
442,02 Eliot Alley,38.6185,-90.2564,63110,Missouri
2645,60644 Monterey Plaza,38.6171,-90.4504,63131,Missouri
1452,22744 Northfield Avenue,33.7217,-84.3339,30316,Georgia
860,30038 Claremont Crossing,32.7714,-97.2915,76004,Texas
2845,62108 Lillian Pass,35.0942,-85.1757,37416,Tennessee
2,33794 Melrose Hill,33.9464,-83.9912,30245,Georgia
3195,8631 Granby Road,33.8444,-84.474,30375,Georgia
266,7 Blue Bill Park Lane,32.7673,-96.7776,75397,Texas
3795,66 Esker Circle,41.776,-87.6674,60636,Illinois
4499,9 Dapin Lane,32.7714,-97.2915,76147,Texas
4936,103 Mallard Street,40.7808,-73.9772,10292,New York
2158,9962 Armistice Parkway,29.834,-95.4342,77288,Texas
3145,9 Summer Ridge Street,39.0024,-77.1034,20892,Maryland
802,71 Vahlen Circle,29.834,-95.4342,77201,Texas
2328,62 Burrows Crossing,35.0981,-89.9825,38114,Tennessee
874,160 Merchant Drive,41.1928,-73.2402,06825,Connecticut
3787,648 North Trail,38.3774,-121.4444,94297,California
2808,63161 Burrows Hill,39.734,-105.0259,80204,Colorado
4469,7894 Buena Vista Alley,33.8444,-84.474,30301,Georgia
3116,220 Goodland Street,41.7845,-71.3959,02905,Rhode Island
2646,9 Esker Center,45.0059,-93.1059,55166,Minnesota
3911,209 Dexter Pass,38.8336,-76.8777,20709,Maryland
4885,733 Talmadge Road,39.5645,-75.597,19886,Delaware
4128,7679 Lerdahl Alley,39.6472,-105.0795,80235,Colorado
1112,4 Elmside Crossing,26.2785,-80.1157,33064,Florida
2560,0 Vidon Parkway,35.1885,-101.8165,79188,Texas
1254,68773 Hansons Street,39.0706,-84.4179,45228,Ohio
1585,74 Almo Trail,39.7505,-84.2686,45490,Ohio
1130,08 Corry Place,40.7779,-82.4613,44905,Ohio
39,19 Steensland Circle,39.1668,-84.5382,45296,Ohio
3104,66432 Southridge Plaza,41.8267,-71.3977,02912,Rhode Island
1828,7495 Kinsman Way,61.1089,-149.4403,99522,Alaska
2115,36 Golf Course Circle,43.5345,-115.9711,83716,Idaho
3549,71 Warrior Avenue,36.173,-115.0669,89110,Nevada
4395,74 Grover Center,39.2847,-76.6205,21203,Maryland
3053,03 Mallard Way,37.7848,-122.7278,94169,California
3659,08 Hoepker Point,39.7673,-86.1606,46207,Indiana
4071,2733 Mockingbird Court,39.7982,-84.3211,45426,Ohio
292,52254 Sachs Point,40.6514,-73.8708,11499,New York
3458,1806 Cambridge Circle,25.5584,-80.4582,33261,Florida
2587,57307 Laurel Point,31.6948,-106.3,88579,Texas
4486,4556 Scott Street,40.7339,-74.0054,10014,New York
4197,97 Corry Circle,34.84,-115.9671,92415,California
1195,70 Schurz Point,41.6255,-86.2433,46614,Indiana
755,29 Summit Trail,28.5663,-81.2608,32868,Florida
3793,2172 Jackson Crossing,38.0702,-84.591,40510,Kentucky
1687,42018 Caliangt Junction,26.0185,-80.3449,33028,Florida
1246,8720 Butterfield Drive,42.3189,-85.5152,49048,Michigan
4538,5572 Del Sol Plaza,29.834,-95.4342,77245,Texas
2879,31 Caliangt Center,30.3449,-81.6831,32236,Florida
3687,9926 Delladonna Street,39.7439,-104.9876,80291,Colorado
2574,6 Pond Drive,41.6857,-81.6728,44177,Ohio
3440,759 North Avenue,41.1928,-73.2402,06825,Connecticut
893,414 Barnett Place,45.5806,-122.3748,97240,Oregon
2287,7135 Warner Avenue,42.1087,-79.9535,16510,Pennsylvania
4707,34 Sommers Alley,38.884,-77.0221,20414,District of Columbia
3308,55957 Bluejay Point,40.6794,-74.0014,11231,New York
2237,861 Coleman Drive,40.7808,-73.9772,10203,New York
1494,0609 Sheridan Place,30.6589,-88.178,36622,Alabama
970,401 Columbus Crossing,30.033,-89.8826,70160,Louisiana
602,273 Drewry Hill,39.9597,-75.2024,19104,Pennsylvania
2633,22 Dovetail Drive,41.1287,-81.54,44393,Ohio
4172,58 Twin Pines Way,25.813,-80.232,33142,Florida
4840,014 2nd Lane,41.6255,-93.6736,50310,Iowa
4947,0864 Lakewood Gardens Hill,39.9106,-83.7856,45505,Ohio
2803,1549 Karstens Place,36.9216,-76.0171,23459,Virginia
4496,0 Tennessee Trail,43.0389,-87.9024,53277,Wisconsin
4198,33239 Commercial Pass,33.9464,-83.9912,30245,Georgia
3621,1 Fairfield Point,36.1398,-96.0297,74141,Oklahoma
3851,68560 Donald Way,39.969,-83.0114,43226,Ohio
4411,6 Waywood Alley,41.5503,-72.9963,06705,Connecticut
1145,89 Merchant Trail,37.6333,-97.425,67215,Kansas
4467,226 Aberg Drive,33.7529,-116.0556,92519,California
2157,140 Hauk Terrace,35.0443,-106.6729,87140,New Mexico
1216,5 Saint Paul Trail,30.4061,-87.2917,32511,Florida
902,49 Novick Place,38.7202,-77.4391,22111,Virginia
1961,634 Macpherson Junction,33.1968,-117.2831,92056,California
3593,633 Ronald Regan Park,38.8318,-77.2888,22184,Virginia
1430,4 Red Cloud Lane,41.3657,-72.9275,06721,Connecticut
1253,9598 Orin Park,32.2334,-86.2085,36119,Alabama
4285,502 Center Circle,33.786,-84.3514,30306,Georgia
514,0 Homewood Avenue,33.7866,-118.2987,90510,California
3650,52 Vidon Park,33.7217,-84.3339,30316,Georgia
2751,54488 Lyons Road,33.0169,-116.846,92030,California
4000,671 Mallory Pass,38.8959,-77.0211,20436,District of Columbia
997,8 Bashford Circle,34.2216,-84.1537,30130,Georgia
380,872 Southridge Court,30.351,-81.5061,32225,Florida
136,8237 Fairview Point,39.7495,-89.606,62705,Illinois
2881,2772 Weeping Birch Parkway,39.7388,-104.4083,80044,Colorado
2298,19 Brentwood Drive,38.189,-85.6768,40250,Kentucky
643,2 Annamark Park,39.0429,-95.7697,66622,Kansas
1832,46344 Dovetail Lane,33.2765,-112.1872,85005,Arizona
2289,68485 Jackson Circle,43.5486,-96.6332,57110,South Dakota
3164,4 Pankratz Alley,34.1378,-118.2424,91205,California
2961,2 Londonderry Hill,41.1287,-81.54,44393,Ohio
2489,45 Union Pass,38.9497,-104.767,80920,Colorado
2085,08 Hoard Terrace,35.0448,-106.6893,87105,New Mexico
3462,2 Jenna Junction,33.5446,-86.9292,35290,Alabama
4585,47770 School Road,33.9937,-81.0199,29208,South Carolina
3067,633 Mayfield Terrace,47.6536,-117.4317,99220,Washington
4969,24499 Garrison Drive,38.2222,-85.6885,40205,Kentucky
1818,7 Helena Crossing,29.7853,-95.1852,77015,Texas
382,7929 Hoepker Alley,31.0363,-97.492,76505,Texas
3245,0904 Northport Terrace,27.9865,-82.0139,33811,Florida
2512,19408 Cody Park,40.8265,-73.9383,10039,New York
1529,95210 Bayside Hill,39.5645,-75.597,19892,Delaware
1962,93698 Badeau Road,46.6288,-120.574,98907,Washington
2665,67 Ronald Regan Place,41.2955,-96.1008,68164,Nebraska
2919,15 Center Way,38.1071,-87.5256,47725,Indiana
4183,2 Scoville Hill,40.8247,-96.6252,68505,Nebraska
4235,0746 Myrtle Trail,29.834,-95.4342,77218,Texas
1301,1953 Daystar Street,32.6076,-93.7526,71151,Louisiana
1160,22 Algoma Place,42.5032,-96.3829,51105,Iowa
4053,659 Gateway Plaza,32.0295,-102.0915,79705,Texas
4593,46398 Oxford Point,34.0324,-119.1343,93034,California
701,2796 Prairie Rose Plaza,38.8933,-77.0146,20067,District of Columbia
1141,45 Anthes Circle,40.7262,-73.9796,10009,New York
1434,56004 Waubesa Place,39.0024,-77.1034,20892,Maryland
1228,24035 Hoard Hill,42.0794,-91.5992,52410,Iowa
4898,30078 Coleman Crossing,27.0228,-82.1108,33954,Florida
16,7 Loomis Way,39.11,-94.4401,64054,Missouri
4370,9 Jenifer Circle,37.0156,-76.4332,23605,Virginia
4570,1029 Sloan Street,41.2335,-96.1188,68144,Nebraska
4007,51430 Dryden Trail,29.834,-95.4342,77288,Texas
959,727 Roxbury Alley,29.834,-95.4342,77293,Texas
4272,497 Anderson Place,39.7439,-104.9876,80291,Colorado
2938,8 Sunfield Park,38.949,-94.7405,66215,Kansas
63,9030 Rockefeller Junction,33.7866,-118.2987,91109,California
315,31 Kinsman Pass,38.4134,-82.2774,25775,West Virginia
554,4 Sutteridge Terrace,40.6681,-111.9083,84130,Utah
1655,395 Mifflin Way,26.6459,-80.4303,33448,Florida
2833,8 Sage Junction,40.6869,-73.8501,11431,New York
3639,33 Troy Circle,30.0956,-81.6217,32259,Florida
1018,83591 Memorial Street,42.1827,-80.0649,16534,Pennsylvania
3811,52 Butternut Trail,34.0047,-84.1532,30195,Georgia
2030,8 Oneill Drive,40.7086,-74.0087,10045,New York
3673,5 2nd Pass,41.5008,-81.5516,44118,Ohio
4494,219 Carberry Alley,38.8952,-77.0365,56944,District of Columbia
2083,4 Artisan Avenue,30.6143,-87.2758,32595,Florida
2694,020 Bayside Trail,47.4323,-121.8034,98185,Washington
3413,3 Fair Oaks Parkway,41.8804,-87.7223,60624,Illinois
133,57 Delladonna Point,42.3809,-83.0409,48211,Michigan
1080,1 Crest Line Trail,40.1399,-88.1961,61825,Illinois
1711,291 Pennsylvania Crossing,41.2917,-96.1711,68179,Nebraska
4415,19230 Morningstar Trail,30.287,-81.3893,32255,Florida
3385,22 Goodland Court,38.3774,-121.4444,94250,California
897,88430 Fisk Court,41.5008,-81.5516,44118,Ohio
1853,69 Hoard Place,33.6993,-81.6465,29805,South Carolina
2257,19 Eastwood Crossing,34.0047,-84.1532,30195,Georgia
1390,55987 La Follette Circle,37.3163,-121.9356,95128,California
2288,6 Mcguire Drive,36.2204,-115.1458,89087,Nevada
2984,903 Towne Center,27.872,-82.4388,33661,Florida
4944,9669 Burrows Circle,33.7529,-116.0556,92519,California
2160,3 Claremont Circle,29.4375,-98.4616,78278,Texas
4443,98460 Waxwing Center,33.0279,-117.0856,92127,California
2108,0254 Ridge Oak Hill,42.1087,-79.9535,16510,Pennsylvania
4688,819 Anhalt Alley,38.6383,-90.4271,63167,Missouri
421,96 Miller Crossing,39.035,-94.3567,64199,Missouri
1670,929 4th Alley,29.834,-95.4342,77293,Texas
965,7 Schiller Park,26.6104,-80.1683,33467,Florida
1107,28121 Independence Road,33.7866,-118.2987,91210,California
1723,742 Sugar Parkway,35.2017,-89.9715,38197,Tennessee
1511,37 Pepper Wood Pass,29.7971,-95.4958,77055,Texas
4242,9 Graceland Parkway,33.0169,-116.846,92013,California
474,21 Harper Parkway,36.0807,-80.0244,27415,North Carolina
4119,341 Novick Trail,37.7194,-97.2936,67260,Kansas
1476,85 Jay Terrace,45.04,-93.4865,55446,Minnesota
73,55 Eastwood Terrace,37.9971,-87.575,47705,Indiana
814,13084 Green Ridge Center,27.981,-81.6736,33884,Florida
3990,1 Valley Edge Pass,36.0986,-86.8219,37215,Tennessee
2246,21 Upham Avenue,40.6407,-73.9028,11236,New York
664,161 Karstens Way,45.0803,-93.0875,55127,Minnesota
1668,97 Pierstorff Junction,47.4323,-121.8034,98185,Washington
2099,6853 Schiller Point,42.1087,-79.9535,16510,Pennsylvania
2727,80809 Goodland Alley,30.6143,-87.2758,32575,Florida
913,300 Warrior Junction,40.303,-76.8862,17110,Pennsylvania
1402,899 Menomonie Court,61.1089,-149.4403,99522,Alaska
3356,733 Magdeline Circle,35.2944,-118.9052,93386,California
1875,70 Nevada Drive,34.8882,-81.969,29319,South Carolina
2944,7184 Anthes Court,32.7673,-96.7776,75049,Texas
3014,31 Pond Trail,38.8933,-77.0146,20046,District of Columbia
707,512 Debs Terrace,40.4001,-86.8602,47905,Indiana
1889,02 Porter Park,27.8918,-82.7248,33731,Florida
874,9733 Mayer Trail,37.3894,-121.8868,95194,California
4451,6 Washington Center,39.7434,-75.5827,19805,Delaware
4459,73 Nevada Way,37.0318,-76.3199,23663,Virginia
1025,57 Center Hill,39.1668,-84.5382,45296,Ohio
4997,63277 4th Hill,41.1075,-81.5006,44310,Ohio
968,15646 Hanson Park,33.1903,-97.1282,76205,Texas
2273,13397 Dawn Street,41.5008,-81.5516,44118,Ohio
157,1 Mayfield Street,29.5054,-98.6688,78250,Texas
625,74 Algoma Parkway,28.5663,-81.2608,32868,Florida
4582,26 Trailsway Parkway,33.7749,-84.3046,30089,Georgia
1093,3750 Morningstar Road,36.0777,-79.9086,27409,North Carolina
3621,1323 Namekagon Circle,34.169,-118.3442,91505,California
3231,05156 Declaration Avenue,41.5968,-86.293,46634,Indiana
2227,3 East Alley,38.2222,-85.6885,40205,Kentucky
1994,0 Monterey Pass,32.8479,-96.974,75062,Texas
4403,804 Miller Center,34.2651,-77.867,28405,North Carolina
2485,477 Golf Lane,47.6063,-122.3308,98127,Washington
584,2 Westport Street,33.5446,-86.9292,35236,Alabama
3030,688 Susan Hill,27.9694,-80.6473,32909,Florida
3537,3514 Hoepker Point,38.8976,-77.027,20530,District of Columbia
2188,8942 Buhler Place,38.8558,-104.7134,80915,Colorado
3847,24 Mifflin Place,38.9497,-104.767,80920,Colorado
2921,734 Norway Maple Crossing,40.7069,-74.0082,10270,New York
2709,90 Clove Way,43.4599,-116.244,83722,Idaho
1299,0673 Warbler Center,33.413,-82.1337,30905,Georgia
2798,7737 Monica Avenue,33.6013,-111.8867,85260,Arizona
3841,04435 Doe Crossing Place,32.7582,-97.1003,76011,Texas
3914,367 Lakeland Circle,37.3866,-121.897,95150,California
3554,6298 Hagan Plaza,43.0696,-89.4239,53710,Wisconsin
1397,884 Oxford Court,41.6538,-83.6589,43699,Ohio
3825,69 Sutherland Terrace,32.7673,-96.7776,75037,Texas
286,1 Troy Pass,38.884,-77.0221,20414,District of Columbia
2616,1 Myrtle Lane,43.1154,-88.0346,53225,Wisconsin
4647,66196 Sommers Drive,32.2519,-110.82,85715,Arizona
3933,6012 David Lane,33.7866,-118.2987,90050,California
4731,19297 Vernon Center,33.8444,-84.474,30386,Georgia
1818,2786 Main Trail,38.2968,-81.5547,25336,West Virginia
4294,75205 Ramsey Pass,43.0314,-85.5503,49560,Michigan
3781,907 Main Crossing,34.0324,-119.1343,93005,California
3440,6 Johnson Parkway,31.6948,-106.3,88574,Texas
3602,0491 Lien Street,30.3752,-97.9007,78732,Texas
3880,6689 Veith Drive,34.7269,-92.344,72204,Arkansas
4007,19 Dovetail Hill,40.7536,-73.8226,11355,New York
4777,668 Eliot Pass,41.0114,-74.3048,07544,New Jersey
1815,94 Eliot Parkway,38.6026,-121.4475,95813,California
5000,5 Sachtjen Court,37.2187,-121.8601,95160,California
467,628 Sunbrook Alley,42.2399,-83.1508,48295,Michigan
2736,2 Leroy Alley,29.9686,-90.0646,70116,Louisiana
4606,1210 Basil Drive,40.4072,-79.9839,15210,Pennsylvania
4351,55 Ludington Pass,42.6568,-73.7605,12210,New York
1568,6 Cody Drive,26.045,-81.6669,33961,Florida
3764,5 Independence Trail,39.3093,-76.6699,21216,Maryland
3165,056 Rutledge Park,33.8193,-118.2325,90810,California
2796,69 Moose Point,40.43,-74.4173,08922,New Jersey
3399,5527 Kenwood Point,38.4096,-82.369,25705,West Virginia
3675,33235 Little Fleur Park,33.9464,-83.9912,30245,Georgia
914,47 Monterey Hill,38.025,-121.2972,95210,California
4966,67 Veith Alley,30.351,-81.5061,32225,Florida
4606,7 Briar Crest Point,41.8119,-87.6873,60674,Illinois
1261,17937 Lillian Parkway,47.4511,-122.353,98166,Washington
1866,71 Chive Lane,41.9705,-70.7014,02305,Massachusetts
4148,3241 Schiller Trail,41.6727,-93.5722,50335,Iowa
2687,77 Mayfield Street,32.0175,-80.997,31410,Georgia
3551,84 Hazelcrest Hill,36.0275,-80.2073,27116,North Carolina
535,4 Knutson Junction,35.7977,-78.6253,27690,North Carolina
2154,0 Lighthouse Bay Street,38.6128,-90.2185,63104,Missouri
3751,67 Michigan Park,38.4142,-81.7582,25313,West Virginia
3808,4958 Mariners Cove Center,41.3657,-72.9275,06520,Connecticut
1133,2958 Dexter Avenue,41.6538,-83.6589,43699,Ohio
1979,91484 Buena Vista Junction,30.3449,-81.6831,32230,Florida
1907,35365 Hagan Alley,29.5407,-98.5521,78230,Texas
2575,895 Hintze Avenue,39.0429,-95.7697,66642,Kansas
3539,7 Hoepker Pass,37.3589,-79.9448,24020,Virginia
2460,62 Hanover Park,30.4158,-89.0684,39505,Mississippi
793,6872 Stuart Street,36.1824,-79.806,27455,North Carolina
737,0 La Follette Court,40.6964,-74.0253,10004,New York
750,4395 Sommers Road,39.6749,-84.1136,45440,Ohio
3567,30 Hayes Park,43.1791,-86.1989,49444,Michigan
3995,198 3rd Park,38.3774,-121.4444,94297,California
1942,1468 Maywood Center,43.6783,-70.1987,04109,Maine
3975,8 Mosinee Crossing,34.2651,-77.867,28405,North Carolina
3947,502 Atwood Court,29.7575,-95.3668,77276,Texas
4820,954 South Plaza,43.4599,-116.244,83722,Idaho
4584,47 Dottie Crossing,39.2829,-94.409,64160,Missouri
433,0 Petterle Hill,47.2325,-122.3594,98424,Washington
1896,158 Meadow Ridge Hill,45.5806,-122.3748,97296,Oregon
1361,7342 Kropf Pass,35.0583,-79.008,28314,North Carolina
3568,3 Farmco Court,38.6383,-90.4271,63167,Missouri
4950,91 Vernon Park,35.7977,-78.6253,27690,North Carolina
2540,0900 Blaine Terrace,41.5968,-86.293,46634,Indiana
2071,0 Doe Crossing Drive,40.2418,-74.6962,08619,New Jersey
489,48095 Buena Vista Crossing,36.8586,-76.2686,23504,Virginia
3741,9777 Merrick Circle,40.7808,-73.9772,10090,New York
4259,3 Petterle Court,31.6948,-106.3,88530,Texas
2911,14 American Street,41.6857,-81.6728,44191,Ohio
407,32 Eastwood Junction,40.7372,-111.8581,84105,Utah
4170,5647 Mariners Cove Parkway,38.6531,-90.2435,63169,Missouri
118,7722 Fremont Circle,30.6143,-87.2758,32575,Florida
863,794 Roxbury Lane,33.5446,-86.9292,35279,Alabama
1864,000 Jackson Junction,33.7473,-84.3824,31136,Georgia
256,2 Starling Point,37.5593,-77.4471,23208,Virginia
1901,58 Roth Park,29.5407,-98.5521,78230,Texas
44,6009 Sachs Terrace,40.7955,-84.1383,45807,Ohio
4471,55797 Kipling Plaza,34.1231,-79.6893,29505,South Carolina
3875,583 Coolidge Court,34.0378,-84.5038,30066,Georgia
4519,01 Graceland Point,33.8123,-84.2819,30033,Georgia
2531,7812 Alpine Drive,38.8952,-77.0365,56944,District of Columbia
4429,752 Corscot Drive,33.7377,-78.9787,29579,South Carolina
526,22 Sloan Avenue,30.4067,-88.9211,39534,Mississippi
4346,29 Southridge Park,27.8458,-97.596,78410,Texas
3248,2500 Hovde Way,32.491,-84.8741,31914,Georgia
3483,66 Haas Drive,35.2268,-80.8432,28263,North Carolina
2031,08924 Quincy Junction,38.8933,-77.0146,20508,District of Columbia
2350,45 Superior Circle,29.3875,-98.5245,78225,Texas
4136,8101 Coleman Park,36.086,-115.1471,89140,Nevada
4805,400 Bartillon Avenue,45.0159,-93.4719,55470,Minnesota
2419,59427 Steensland Place,33.811,-117.8493,92867,California
4955,3 Melvin Terrace,30.43,-97.8326,78726,Texas
4432,55829 Onsgard Place,31.55,-84.0612,31704,Georgia
4289,8 8th Alley,39.0024,-77.1034,20892,Maryland
2327,9 Prairieview Center,38.6026,-121.4475,95852,California
1436,9055 Valley Edge Court,41.6492,-83.6706,43615,Ohio
4926,6 Porter Avenue,35.4015,-101.8951,79105,Texas
3167,613 Gina Place,33.5446,-86.9292,35236,Alabama
800,379 Dennis Circle,29.834,-95.4342,77240,Texas
3758,9 Sycamore Way,39.2025,-119.7526,89706,Nevada
307,28 Longview Plaza,38.0612,-84.4583,40505,Kentucky
2040,3577 Almo Place,37.8471,-122.2223,94611,California
818,335 Shoshone Terrace,27.8918,-82.7248,33742,Florida
2411,1 Sommers Hill,35.9279,-114.9721,89160,Nevada
3685,9 Luster Avenue,42.9255,-78.7481,14225,New York
3389,81 Donald Place,29.4375,-98.4616,78265,Texas
2747,15 Mayfield Street,38.189,-85.6768,40287,Kentucky
4001,14 Lake View Trail,33.7866,-118.2987,91616,California
1427,4133 Sunnyside Terrace,37.2327,-79.9463,24014,Virginia
489,9 Barnett Drive,42.2399,-83.1508,48232,Michigan
2549,29 Portage Center,33.7406,-84.5545,30336,Georgia
73,0559 Vera Parkway,38.8606,-94.4636,64149,Missouri
2965,1927 Green Ridge Plaza,26.1654,-80.2959,33345,Florida
1663,43 Tennessee Junction,39.0024,-77.1034,20892,Maryland
1917,6277 Mallory Point,38.9327,-77.0322,20010,District of Columbia
4765,5728 Columbus Plaza,36.7464,-119.6397,93740,California
1766,8399 Iowa Place,38.8152,-104.7703,80910,Colorado
2241,997 Eliot Pass,33.7866,-118.2987,90081,California
2571,6494 La Follette Street,35.3425,-97.6317,73173,Oklahoma
4732,49581 Mifflin Way,41.2405,-80.8441,44485,Ohio
1978,56 Lyons Way,40.8171,-73.7416,11024,New York
3305,89856 Butternut Hill,42.2464,-85.0045,49018,Michigan
3706,21 Toban Center,38.0702,-84.591,40510,Kentucky
786,74342 Hollow Ridge Junction,26.1497,-80.1229,33305,Florida
2702,78956 Grover Junction,31.6948,-106.3,79940,Texas
1805,9841 Ludington Way,30.0211,-94.1157,77705,Texas
3194,46197 Florence Junction,43.0214,-76.1977,13251,New York
1025,88 Scott Trail,33.5225,-86.8094,35263,Alabama
2875,4789 Stuart Crossing,38.8933,-77.0146,20029,District of Columbia
2499,51 Meadow Vale Crossing,29.6813,-82.3539,32627,Florida
3365,0 International Alley,29.6297,-95.4382,77045,Texas
4630,9813 Blackbird Circle,41.6727,-93.5722,50335,Iowa
2524,38 Marquette Circle,27.3637,-99.4819,78044,Texas
4002,2 Evergreen Lane,30.033,-89.8826,70165,Louisiana
754,24 Buena Vista Junction,25.9098,-80.3889,33018,Florida
3420,12 Knutson Center,34.01,-118.4717,90405,California
3102,3015 Petterle Alley,40.692,-89.5887,61629,Illinois
2254,422 Declaration Terrace,37.7772,-121.9554,94522,California
1116,536 Lillian Plaza,36.173,-115.0669,89110,Nevada
3109,29 Riverside Hill,37.7194,-97.2936,67260,Kansas
2501,37851 Lillian Plaza,25.5584,-80.4582,33233,Florida
11,376 4th Drive,30.3449,-81.6831,32230,Florida
3199,854 Grim Crossing,43.0872,-75.2603,13505,New York
1797,7130 Fordem Road,41.0247,-73.7781,10606,New York
2066,29 Waxwing Way,33.817,-117.9286,92812,California
1349,99584 Leroy Crossing,25.7274,-80.4497,33185,Florida
2146,56 Melvin Center,33.7866,-118.2987,90055,California
882,5923 Duke Parkway,36.7464,-119.6397,93778,California
1529,96332 Prentice Place,25.7274,-80.4497,33185,Florida
1193,4 Lunder Court,38.9585,-77.1153,20816,Maryland
4531,8995 Forest Dale Crossing,27.872,-82.4388,33694,Florida
11,95 Straubel Junction,26.3462,-80.0844,33432,Florida
1038,32 Hovde Junction,38.6406,-121.444,95838,California
1375,7 Myrtle Crossing,40.9897,-80.3084,16107,Pennsylvania
3518,49 Mosinee Drive,42.1827,-80.0649,16565,Pennsylvania
1226,2198 Bartillon Junction,45.5806,-122.3748,97271,Oregon
3781,059 Arrowood Pass,36.0807,-80.0244,27404,North Carolina
4894,2337 Ryan Point,33.3363,-111.9197,85284,Arizona
3554,289 Carberry Street,36.1398,-96.0297,74170,Oklahoma
818,15749 Scoville Trail,37.2742,-79.9579,24004,Virginia
4919,058 Thompson Plaza,37.2742,-79.9579,24024,Virginia
2005,7 Cambridge Point,40.2418,-74.6962,08619,New Jersey
103,1337 Pearson Center,40.7536,-73.8226,11355,New York
155,316 Oriole Alley,39.6269,-119.7081,89436,Nevada
544,2794 Golden Leaf Way,30.4158,-89.0684,39505,Mississippi
4586,63306 Maple Wood Plaza,35.0448,-106.6893,87105,New Mexico
44,816 Loeprich Drive,41.119,-73.733,10633,New York
2965,13 Green Hill,34.6725,-92.3529,72209,Arkansas
1556,11127 Bultman Street,41.4335,-81.6323,44125,Ohio
2071,1 Acker Parkway,40.7681,-89.6026,61614,Illinois
4220,55220 Scoville Alley,33.9937,-81.0199,29208,South Carolina
1703,0756 Butterfield Parkway,40.0018,-75.1179,19184,Pennsylvania
3998,1301 Dapin Hill,35.9901,-83.9622,37995,Tennessee
4966,45802 American Crossing,27.872,-82.4388,33661,Florida
1796,872 Schiller Plaza,40.3522,-78.9383,15906,Pennsylvania
3399,8540 Grayhawk Way,33.7915,-117.714,92862,California
2280,4770 Melrose Crossing,39.8188,-75.5064,19810,Delaware
1620,36839 Pawling Hill,43.286,-77.6843,14646,New York
1808,8860 Warrior Circle,33.9377,-117.1851,92555,California
4212,22 New Castle Circle,61.1901,-149.9361,99517,Alaska
2762,8286 Shelley Alley,36.1378,-115.3261,89135,Nevada
1786,996 Fieldstone Terrace,45.0159,-93.4719,55579,Minnesota
876,05455 Sachtjen Park,41.7582,-88.2971,60505,Illinois
3851,66 Schurz Drive,38.892,-77.0452,20551,District of Columbia
3150,3198 Green Ridge Road,40.0418,-76.3012,17622,Pennsylvania
4035,0401 Roxbury Pass,38.8933,-77.0146,20226,District of Columbia
3474,8 6th Court,36.2383,-95.9931,74126,Oklahoma
194,51 Heath Road,33.8444,-84.474,31106,Georgia
1395,7985 Chive Hill,38.2306,-85.7905,40210,Kentucky
2533,9009 Dorton Avenue,42.3654,-71.2316,02453,Massachusetts
149,646 Meadow Vale Avenue,38.6531,-90.2435,63150,Missouri
2061,21912 Logan Hill,34.6019,-117.8123,93591,California
1721,1306 Melody Terrace,36.7563,-121.6703,93907,California
347,428 Merrick Lane,33.2765,-112.1872,85072,Arizona
1769,571 Scoville Terrace,26.6599,-81.8934,33915,Florida
3821,406 Bay Crossing,30.351,-81.5061,32225,Florida
2285,238 Loomis Plaza,41.0516,-73.5143,06922,Connecticut
2394,65392 Charing Cross Crossing,39.6269,-119.7081,89436,Nevada
2319,5 Corben Pass,43.286,-77.6843,14683,New York
2679,031 Sullivan Center,33.9677,-84.2438,30092,Georgia
1613,64019 Glacier Hill Pass,45.1907,-93.3021,55448,Minnesota
1640,00549 Novick Junction,33.811,-117.8493,92867,California
3984,80617 Welch Park,29.5407,-98.5521,78230,Texas
2162,3 Fordem Hill,30.3633,-91.0919,70810,Louisiana
2918,2644 Autumn Leaf Parkway,41.6727,-93.5722,50362,Iowa
3452,31508 Golf Drive,39.1668,-84.5382,45999,Ohio
4444,5263 Hagan Point,38.01,-121.3698,95219,California
2477,7708 Holmberg Place,41.076,-81.4644,44305,Ohio
912,742 Northport Street,37.3924,-121.9623,95054,California
3944,042 Lotheville Center,35.233,-97.4067,73071,Oklahoma
4154,3 Clemons Park,37.7441,-122.4863,94116,California
4153,252 Morning Parkway,45.6644,-122.5212,98682,Washington
2593,1117 Reindahl Terrace,36.1824,-79.806,27455,North Carolina
3739,8197 Fieldstone Trail,33.9583,-118.3258,90305,California
4605,0 Monterey Drive,40.4344,-80.0248,15279,Pennsylvania
2277,286 8th Avenue,33.8444,-84.474,30301,Georgia
1545,648 Sunbrook Street,45.5806,-122.3748,97296,Oregon
4144,3224 Debra Parkway,32.69,-96.9177,75236,Texas
268,6 Crowley Crossing,41.9166,-88.1208,60158,Illinois
952,1406 Ridgeway Alley,30.0956,-81.6217,32259,Florida
842,97103 Hoard Drive,35.9279,-114.9721,89150,Nevada
3991,429 Warbler Trail,36.1901,-86.8053,37228,Tennessee
248,490 Barnett Place,40.2805,-74.712,08695,New Jersey
1082,92814 Hallows Way,26.6492,-81.6167,33972,Florida
114,88140 Pawling Parkway,29.6779,-90.0901,70033,Louisiana
64,88 Hintze Place,39.9274,-104.9548,80241,Colorado
3480,49042 Superior Junction,35.2944,-118.9052,93386,California
3541,9 Donald Trail,38.8933,-77.0146,20575,District of Columbia
2744,61 Garrison Drive,42.4098,-82.9441,48224,Michigan
3788,53 Express Drive,30.0042,-95.1728,77346,Texas
1939,5636 Jay Plaza,41.7582,-88.2971,60505,Illinois
4655,64438 6th Parkway,38.0612,-84.4583,40505,Kentucky
3562,39 Erie Terrace,43.1558,-77.6142,14614,New York
1848,12 Sunbrook Point,40.7808,-73.9772,10160,New York
1134,54251 Nevada Terrace,30.033,-89.8826,70179,Louisiana
1918,90875 Sunbrook Parkway,37.9971,-87.575,47732,Indiana
252,02 Gale Road,38.0612,-84.4583,40505,Kentucky
4009,261 Banding Park,38.8933,-77.0146,20029,District of Columbia
471,568 Golf Course Alley,37.6409,-120.9749,95354,California
1322,9 Kipling Road,38.189,-85.6768,40266,Kentucky
1360,5496 Independence Alley,45.0159,-93.4719,55572,Minnesota
4743,091 Pepper Wood Plaza,33.7377,-78.9787,29579,South Carolina
2728,662 Spaight Place,38.9381,-77.086,20016,District of Columbia
3390,20421 Daystar Point,30.671,-88.1267,36616,Alabama
1034,5026 Westport Way,33.7866,-118.2987,91210,California
2249,80 Superior Parkway,42.37,-71.1773,02472,Massachusetts
3984,96905 Bonner Circle,39.8032,-121.8673,95973,California
4703,913 Del Mar Junction,39.439,-76.5921,21282,Maryland
3009,52140 Thierer Center,41.3826,-81.7964,44130,Ohio
1330,600 Gale Pass,38.8933,-77.0146,20067,District of Columbia
4712,8350 Dunning Hill,38.6531,-90.2435,63169,Missouri
1825,5364 Butternut Center,30.1288,-95.4239,77386,Texas
3407,8 High Crossing Alley,40.8662,-73.9221,10034,New York
544,053 Scott Parkway,37.6808,-97.1558,67230,Kansas
3618,71 Village Green Place,43.4599,-116.244,83711,Idaho
2725,90786 Chinook Place,45.071,-92.9391,55115,Minnesota
663,4587 Independence Point,39.9788,-75.1262,19125,Pennsylvania
1139,3 Thompson Drive,35.4794,-97.5017,73104,Oklahoma
2948,509 Hovde Junction,40.6681,-111.9083,84135,Utah
2371,787 Mendota Court,35.1334,-90.0046,38104,Tennessee
1498,59988 Bartelt Way,39.9671,-83.0044,43215,Ohio
4442,0263 Thierer Point,30.6589,-88.178,36628,Alabama
3086,22 Shelley Place,40.7864,-73.9764,10024,New York
1956,01 Saint Paul Terrace,39.6472,-105.0795,80235,Colorado
824,94744 Eggendart Parkway,39.0187,-94.4008,64136,Missouri
739,552 Autumn Leaf Street,29.3875,-98.5245,78225,Texas
4333,40 Morrow Plaza,38.6406,-121.444,95838,California
2791,19 Drewry Trail,21.351,-157.8795,96820,Hawaii
1477,64 Old Gate Trail,32.7673,-96.7776,75392,Texas
3083,54 Thierer Park,39.7655,-89.7293,62711,Illinois
3278,7 Brentwood Street,38.3365,-77.4366,22405,Virginia
2091,57 Butternut Lane,27.872,-82.4388,33673,Florida
2561,0 3rd Terrace,43.286,-77.6843,14683,New York
3160,388 Dapin Circle,42.9521,-71.6539,03105,New Hampshire
3119,2783 Dawn Pass,35.1104,-106.5781,87110,New Mexico
4877,29 Graceland Drive,29.834,-95.4342,77245,Texas
2279,785 Roth Place,37.1959,-76.5248,23612,Virginia
2539,94 Mcguire Lane,32.3113,-90.3972,39282,Mississippi
55,9 Corscot Park,42.2464,-85.0045,49018,Michigan
3149,9280 Elka Drive,38.3774,-121.4444,94207,California
3243,2 Jenna Terrace,39.2847,-76.6205,21265,Maryland
3971,51 Corry Junction,47.4323,-121.8034,98140,Washington
4001,414 Columbus Junction,35.1114,-82.1055,29305,South Carolina
482,19199 Independence Alley,34.7784,-86.6091,35810,Alabama
4949,33086 Autumn Leaf Pass,30.392,-91.0892,70836,Louisiana
2467,2730 Delladonna Pass,35.9918,-83.8496,37914,Tennessee
3149,3699 Dottie Crossing,28.5663,-81.2608,32868,Florida
22,1394 Vidon Point,32.6469,-97.3325,76134,Texas
996,3 Crest Line Avenue,31.9701,-111.8907,85725,Arizona
2154,883 Mariners Cove Hill,39.0966,-94.7495,66160,Kansas
1057,5 Summerview Center,38.6157,-121.5053,95833,California
2696,09761 Sachtjen Center,34.006,-80.9708,29215,South Carolina
4372,0 Walton Drive,37.9971,-87.575,47719,Indiana
4762,915 Grim Street,37.2581,-93.3437,65805,Missouri
2207,014 Saint Paul Junction,38.3774,-121.4444,94297,California
4709,0153 Helena Alley,44.4601,-88.0074,54305,Wisconsin
1592,8117 Loftsgordon Place,27.9951,-82.4046,33610,Florida
2563,9298 Cardinal Circle,37.1136,-93.2896,65810,Missouri
642,3254 Village Green Street,37.9577,-121.2897,95298,California
932,1 Blackbird Terrace,31.6948,-106.3,79923,Texas
4290,11 Northwestern Street,41.9699,-87.7603,60630,Illinois
1691,29 Surrey Avenue,39.0706,-84.4179,45228,Ohio
946,371 Prentice Avenue,27.709,-80.5726,32964,Florida
2913,76 Thierer Court,40.6681,-111.9083,84130,Utah
1625,12642 Autumn Leaf Avenue,47.6339,-122.3476,98109,Washington
1866,2 Weeping Birch Court,38.8981,-77.0401,20456,District of Columbia
1505,10155 Shasta Plaza,39.7439,-104.9876,80291,Colorado
656,99965 Northview Alley,39.5645,-75.597,19886,Delaware
3175,73696 6th Way,40.5384,-105.0547,80525,Colorado
446,582 Bayside Crossing,47.0662,-122.1132,98481,Washington
4880,17763 Pankratz Place,41.7918,-72.7188,06152,Connecticut
4997,56 Towne Pass,30.7813,-95.5953,77343,Texas
4537,0 Muir Terrace,42.7325,-84.5587,48956,Michigan
2266,73454 Crownhardt Pass,31.6948,-106.3,88525,Texas
3800,54750 Fieldstone Crossing,40.6913,-73.8059,11407,New York
3771,476 Northfield Park,33.7866,-118.2987,90060,California
2674,61183 Columbus Way,33.2765,-112.1872,85271,Arizona
2990,37414 Debs Crossing,35.26,-80.8042,28225,North Carolina
1063,3205 Northview Parkway,38.8933,-77.0146,20392,District of Columbia
4280,24227 Delaware Parkway,41.6649,-91.5151,52245,Iowa
2303,82 Helena Point,33.8193,-118.2325,90810,California
2096,800 Norway Maple Parkway,35.8596,-86.421,37131,Tennessee
3273,4861 Carpenter Way,38.3774,-121.4444,94257,California
376,3 Redwing Pass,39.4336,-87.4101,47812,Indiana
3563,9 Harbort Pass,39.8422,-105.1097,80005,Colorado
3997,40294 Carpenter Alley,34.0047,-84.1532,30195,Georgia
3666,010 Mifflin Plaza,39.9496,-75.1637,19109,Pennsylvania
216,6363 Kings Hill,38.8318,-77.2888,20195,Virginia
162,0 Stang Plaza,39.2847,-76.6205,21275,Maryland
2398,832 International Pass,39.7076,-94.8677,64504,Missouri
3497,177 Old Shore Circle,38.1071,-87.5256,47725,Indiana
2835,0414 Mockingbird Center,26.0143,-81.5856,34114,Florida
3415,1377 Badeau Junction,33.4368,-111.7129,85205,Arizona
3540,34836 Anhalt Pass,32.7673,-96.7776,75310,Texas
848,4459 Garrison Place,38.6149,-90.1275,62205,Illinois
2630,4156 Stang Court,35.4015,-101.8951,79165,Texas
1025,2099 Lukken Terrace,26.1457,-80.4483,33075,Florida
563,22 Loftsgordon Place,38.3774,-121.4444,94297,California
4137,9877 Reinke Court,41.0655,-81.5203,44329,Ohio
3839,40854 Reindahl Park,42.4098,-82.9441,48224,Michigan
1712,61 Prairieview Lane,40.7808,-73.9772,10260,New York
3604,27033 Weeping Birch Lane,39.035,-94.3567,64179,Missouri
426,9140 Bluestem Crossing,43.0214,-76.1977,13251,New York
4834,89366 Redwing Alley,45.0632,-93.3811,55428,Minnesota
615,62126 Sheridan Place,41.0888,-73.5435,06905,Connecticut
1820,78409 Acker Circle,38.8318,-77.2888,22119,Virginia
2848,6799 Huxley Point,30.351,-81.5061,32225,Florida
3349,80 Hanover Hill,34.8882,-81.969,29319,South Carolina
834,6957 Fairfield Avenue,38.8933,-77.0146,20591,District of Columbia
3427,1 Hallows Lane,26.3771,-81.7334,34135,Florida
3506,281 New Castle Crossing,43.286,-77.6843,14646,New York
3977,850 Hoard Junction,38.068,-122.741,94913,California
662,8505 Annamark Park,37.3811,-122.3348,94064,California
4001,8325 Green Ridge Junction,34.0531,-118.3806,90035,California
4484,7069 Forest Dale Plaza,32.3401,-93.6092,71115,Louisiana
1202,937 Coolidge Parkway,41.6727,-93.5722,50305,Iowa
3494,446 Bayside Pass,38.9327,-77.0322,20010,District of Columbia
3886,7 Nelson Parkway,41.076,-81.4644,44305,Ohio
3142,86038 Carey Way,35.2944,-118.9052,93386,California
2923,5311 4th Circle,30.3264,-97.7713,78783,Texas
4345,2 Columbus Street,41.5968,-86.293,46634,Indiana
4243,2 Claremont Trail,35.1885,-101.8165,79188,Texas
1719,186 Marcy Drive,29.0838,-81.0336,32128,Florida
2268,489 Lakeland Parkway,45.0159,-93.4719,55572,Minnesota
1243,08 Oakridge Trail,34.3562,-83.8882,30506,Georgia
3386,0075 East Circle,31.7466,-102.567,79769,Texas
3276,7 Mayfield Park,39.035,-94.3567,64187,Missouri
2634,663 Stone Corner Lane,38.1286,-104.5523,81010,Colorado
4966,93 6th Crossing,38.2968,-81.5547,25336,West Virginia
2000,078 Colorado Center,32.0848,-110.7122,85732,Arizona
1897,1316 Mcguire Terrace,41.119,-73.733,10633,New York
1124,4828 Crowley Avenue,40.8063,-96.6545,68510,Nebraska
3438,09159 Dayton Parkway,26.1625,-80.2582,33320,Florida
2861,76536 Jackson Center,38.8933,-77.0146,20370,District of Columbia
2105,74609 Farmco Street,28.5289,-81.4787,32835,Florida
4969,546 Hermina Avenue,47.368,-122.1206,98042,Washington
985,2 Alpine Parkway,38.7196,-90.27,63136,Missouri
1808,7 Waywood Alley,45.5289,-94.5933,56372,Minnesota
526,02 Huxley Lane,34.0324,-119.1343,93034,California
4487,4179 American Ash Drive,32.3544,-86.2843,36195,Alabama
3153,60317 Sauthoff Avenue,38.9497,-104.767,80920,Colorado
4305,005 Atwood Place,36.7464,-119.6397,93715,California
3887,84841 Del Mar Court,45.071,-92.9391,55115,Minnesota
4632,5073 Loeprich Center,47.6151,-122.3447,98121,Washington
3529,75 Autumn Leaf Street,33.5225,-86.8094,35263,Alabama
4298,790 Mariners Cove Terrace,37.7211,-122.4754,94132,California
3958,4865 Monument Terrace,40.7845,-96.6888,68583,Nebraska
3738,541 Katie Avenue,39.9379,-75.1794,19146,Pennsylvania
1678,4 Toban Circle,45.0159,-93.4719,55487,Minnesota
1792,5536 Dahle Road,41.3657,-72.9275,06721,Connecticut
621,51 Little Fleur Pass,41.9453,-87.7474,60641,Illinois
3140,73739 Coleman Pass,40.7086,-74.0087,10045,New York
2921,1 Bellgrove Alley,33.8444,-84.474,30392,Georgia
3555,17 Fulton Terrace,27.8918,-82.7248,33742,Florida
3375,02994 Waxwing Point,41.3089,-73.3637,06673,Connecticut
2064,76 Forster Parkway,36.1398,-96.0297,74141,Oklahoma
1895,6 Hintze Point,40.7808,-73.9772,10160,New York
2328,05 Nova Center,32.2334,-86.2085,36125,Alabama
2335,316 Bunker Hill Plaza,29.4375,-98.4616,78291,Texas
652,726 North Avenue,27.7762,-97.4271,78405,Texas
4313,3 Hansons Court,26.1457,-80.4483,33355,Florida
3272,2854 Mcbride Pass,40.9252,-74.1781,07522,New Jersey
4066,07 Eagan Hill,40.6514,-73.8708,11388,New York
3280,1893 Buena Vista Trail,45.2009,-93.8881,55585,Minnesota
1423,3 Waubesa Park,39.849,-86.272,46254,Indiana
4336,63 Laurel Junction,33.2765,-112.1872,85067,Arizona
1169,527 Hazelcrest Court,30.6521,-96.341,77806,Texas
2574,3 Drewry Avenue,33.7866,-118.2987,90398,California
3896,6 Manitowish Point,41.7918,-72.7188,06152,Connecticut
4501,1 Esker Place,33.783,-118.0256,92645,California
149,9481 Rowland Drive,33.8356,-117.9132,92825,California
1827,89463 Hooker Circle,42.4156,-92.2703,50706,Iowa
1307,66 Dottie Junction,47.4323,-121.8034,98185,Washington
207,2289 Rutledge Way,33.7629,-84.4226,31165,Georgia
3083,19920 Grover Center,39.7434,-75.5827,19805,Delaware
779,03321 Browning Lane,38.6531,-90.2435,63196,Missouri
2842,45072 Farmco Crossing,36.1398,-96.0297,74141,Oklahoma
1748,3 Carberry Pass,39.3093,-76.6699,21216,Maryland
2335,12766 Fallview Crossing,41.6255,-93.6736,50310,Iowa
3026,538 Sunfield Hill,38.3774,-121.4444,94280,California
3479,68498 Mallory Avenue,41.2405,-80.8441,44485,Ohio
162,587 Valley Edge Crossing,38.8933,-77.0146,20210,District of Columbia
1451,5 Ilene Park,25.2846,-80.6246,33034,Florida
3364,66 Bunker Hill Drive,42.6149,-73.9708,12227,New York
3093,826 Reindahl Street,41.2722,-75.8801,18763,Pennsylvania
1645,25582 Ronald Regan Street,40.5051,-80.1155,15225,Pennsylvania
3062,52547 Summer Ridge Trail,40.2805,-74.712,08695,New Jersey
3749,1598 Hayes Court,42.2464,-85.0045,49018,Michigan
1831,4323 Fieldstone Plaza,31.6948,-106.3,88584,Texas
405,40 Vermont Terrace,40.7864,-73.9764,10024,New York
2952,98 Mesta Center,33.7866,-118.2987,90510,California
2961,71029 Buell Point,42.4694,-70.9728,01905,Massachusetts
3,59 Southridge Lane,42.2868,-71.071,02124,Massachusetts
81,43820 Lyons Parkway,32.2691,-110.9845,85705,Arizona
3646,779 Memorial Alley,38.8976,-77.027,20530,District of Columbia
872,7114 Onsgard Place,25.9597,-80.1403,33180,Florida
2125,34448 Nancy Junction,27.872,-82.4388,33661,Florida
4043,84 Erie Street,33.8444,-84.474,30368,Georgia
1197,1865 Lakewood Gardens Terrace,30.6589,-88.178,36670,Alabama
4750,0085 Walton Pass,36.1866,-86.7852,37240,Tennessee
2530,551 Boyd Court,28.5456,-81.3782,32885,Florida
4766,16994 Prairieview Point,33.8356,-117.9132,92825,California
3985,31184 Vera Way,34.1073,-118.2266,90065,California
1618,75550 Caliangt Drive,43.0123,-76.1452,13205,New York
857,860 Bartelt Terrace,41.786,-72.6758,06120,Connecticut
3475,50413 Mayfield Circle,40.7808,-73.9772,10160,New York
3926,499 Autumn Leaf Junction,40.7524,-73.9791,10165,New York
2372,0 Mcguire Avenue,40.7808,-73.9772,10060,New York
856,217 Crowley Way,40.8259,-81.3399,44705,Ohio
3334,554 Manitowish Circle,41.119,-73.733,10557,New York
4107,0 Truax Terrace,42.1707,-72.6048,01152,Massachusetts
3884,9 Wayridge Junction,29.9335,-95.3981,77060,Texas
1716,488 Holy Cross Avenue,33.7866,-118.2987,90847,California
1176,48 Bowman Court,33.7529,-116.0556,92519,California
1959,6661 Straubel Pass,39.6749,-84.1136,45440,Ohio
3821,7 Lakewood Terrace,40.6681,-111.9083,84145,Utah
1863,67260 Roxbury Hill,31.6948,-106.3,88553,Texas
1953,38 Victoria Parkway,39.144,-77.2076,20918,Maryland
3784,25 Holy Cross Lane,34.0324,-119.1343,93005,California
1407,6 Miller Hill,35.4259,-97.5261,73109,Oklahoma
3443,3 Cardinal Junction,42.7684,-78.8871,14233,New York
4940,38832 Westridge Center,40.6278,-75.3928,18018,Pennsylvania
4844,8267 Holmberg Place,34.1446,-117.3013,92405,California
1316,93 Pepper Wood Way,38.9033,-92.1022,65218,Missouri
4288,1384 Valley Edge Crossing,33.8994,-117.9063,92835,California
1845,66 Darwin Point,38.01,-121.3698,95219,California
1958,83 Upham Street,38.8933,-77.0146,20226,District of Columbia
3043,6158 Westend Circle,45.5653,-122.6448,97211,Oregon
951,2169 Ridge Oak Road,38.9087,-77.0414,20036,District of Columbia
1701,36525 Blaine Park,38.189,-85.6768,40287,Kentucky
4117,06014 Graedel Junction,33.6062,-117.8931,92662,California
4570,021 Logan Pass,25.6364,-80.3187,33158,Florida
3562,8845 Vernon Street,37.2742,-79.9579,24048,Virginia
2543,81438 Utah Junction,30.2906,-95.3832,77305,Texas
4037,5162 Declaration Way,35.2017,-89.9715,38136,Tennessee
2547,856 Continental Court,38.0702,-84.591,40510,Kentucky
3506,52379 Superior Plaza,38.8933,-77.0146,20599,District of Columbia
38,43541 Atwood Point,39.6505,-79.944,26505,West Virginia
1248,8022 Brickson Park Drive,34.1781,-118.4574,91411,California
3754,8524 Novick Park,32.8891,-117.1005,92145,California
902,626 Jenna Place,28.5642,-82.4165,34611,Florida
2079,574 Spaight Center,29.834,-95.4342,77293,Texas
4488,37 Coolidge Place,40.7918,-74.2452,07188,New Jersey
1745,464 Cascade Hill,41.7845,-71.3959,02905,Rhode Island
1647,6345 Helena Crossing,26.0663,-80.3339,33330,Florida
3851,3 Fairview Terrace,36.1499,-95.7923,74108,Oklahoma
3109,3774 Dennis Road,34.0434,-118.2716,90015,California
4575,80493 Kinsman Circle,31.5915,-97.0823,76796,Texas
728,15 Chinook Avenue,40.6628,-73.9546,11225,New York
549,04 Messerschmidt Way,39.0429,-95.7697,66667,Kansas
972,7 Delaware Street,39.7795,-86.1328,46266,Indiana
2878,13007 Jana Plaza,39.6255,-104.7874,80015,Colorado
3623,88643 Cambridge Plaza,37.3729,-121.856,95133,California
3106,18 Superior Road,45.0159,-93.4719,55470,Minnesota
4946,1651 Charing Cross Lane,41.6857,-81.6728,44185,Ohio
501,7 Novick Way,61.1872,-149.8804,99599,Alaska
1294,09359 Ruskin Trail,32.8118,-83.565,31217,Georgia
4354,13 Swallow Terrace,40.0495,-83.0669,43220,Ohio
3778,4786 Elka Terrace,43.0174,-87.5697,53234,Wisconsin
1527,340 Swallow Park,38.8874,-77.0047,20540,District of Columbia
4055,96465 Pleasure Road,39.1668,-84.5382,45264,Ohio
3053,252 Shelley Terrace,41.6727,-93.5722,50362,Iowa
4611,68 Sachs Road,33.8444,-84.474,30375,Georgia
3969,230 Scoville Terrace,35.9901,-83.9622,37995,Tennessee
4311,75 Dennis Park,30.329,-81.8176,32220,Florida
868,599 Melrose Plaza,39.5224,-119.8353,89505,Nevada
1893,35028 Kropf Road,39.7388,-104.4083,80150,Colorado
1822,50695 Brentwood Point,39.1802,-84.4204,45213,Ohio
4794,9097 Delladonna Alley,33.61,-101.8213,79452,Texas
3698,210 1st Hill,41.119,-73.733,10557,New York
1707,5 Gateway Trail,27.872,-82.4388,33694,Florida
3155,4 Dovetail Center,35.26,-80.8042,28225,North Carolina
1369,94 Northfield Parkway,40.8529,-96.7943,68524,Nebraska
1872,9 Del Sol Alley,38.9,-77.0369,20062,District of Columbia
4670,165 Dwight Park,40.4344,-80.0248,15279,Pennsylvania
1518,80787 Lillian Way,61.1872,-149.8804,99599,Alaska
452,89 Judy Trail,39.7388,-104.4083,80044,Colorado
2422,3617 Farwell Place,38.8952,-77.0365,56944,District of Columbia
320,264 Cordelia Drive,38.8933,-77.0146,20244,District of Columbia
4970,2733 Village Green Court,33.7843,-118.1157,90840,California
22,50070 Dottie Hill,38.8318,-77.2888,20195,Virginia
2861,719 Browning Terrace,41.5487,-93.5827,50320,Iowa
3975,3152 Springs Lane,34.1872,-118.3865,91606,California
1525,9375 Oakridge Circle,40.6681,-111.9083,84110,Utah
3762,24544 Valley Edge Place,35.1885,-101.8165,79176,Texas
3012,05181 Longview Place,32.7673,-96.7776,75265,Texas
4487,6 Hoffman Plaza,47.4497,-122.3076,98158,Washington
4143,71998 3rd Pass,41.8119,-87.6873,60663,Illinois
4676,789 Northridge Trail,38.0612,-84.4583,40505,Kentucky
1731,44 Bluejay Alley,33.9413,-118.0356,90605,California
460,7 Killdeer Alley,37.6808,-97.1558,67230,Kansas
2326,898 Merry Point,29.9475,-81.5264,32092,Florida
607,5 Ryan Place,38.4142,-81.7582,25313,West Virginia
282,838 Graceland Street,39.0429,-95.7697,66699,Kansas
3469,4069 Canary Circle,42.7371,-84.5244,48912,Michigan
2023,44 2nd Junction,33.8444,-84.474,30351,Georgia
2028,237 Vera Court,36.9216,-76.0171,23459,Virginia
578,7 Pearson Plaza,33.7529,-116.0556,92878,California
1640,19 Graceland Point,42.4156,-92.2703,50706,Iowa
4936,5 Superior Hill,43.286,-77.6843,14639,New York
587,6 Arkansas Court,39.7699,-119.6027,89510,Nevada
2121,02098 Corry Way,26.5529,-81.9486,33906,Florida
4152,659 West Center,40.2944,-76.8938,17121,Pennsylvania
1101,7 Warrior Court,39.592,-105.1328,80127,Colorado
609,63667 Stuart Circle,39.7655,-89.7293,62711,Illinois
802,5721 Bobwhite Crossing,29.1565,-82.2095,34474,Florida
2084,1335 Tomscot Junction,31.6948,-106.3,79955,Texas
4809,1 Loomis Street,31.6948,-106.3,88535,Texas
4750,38604 Dahle Plaza,27.7391,-82.6435,33705,Florida
2338,69151 Annamark Drive,33.571,-101.8507,79405,Texas
363,36430 Vermont Center,39.5645,-75.597,19892,Delaware
1186,98484 Morning Court,35.6004,-82.4918,28805,North Carolina
4775,32 Summer Ridge Trail,46.9346,-97.2297,58106,North Dakota
1109,3 Judy Center,41.6727,-93.5722,50335,Iowa
